<?xml version="1.0" encoding="UTF-8"?>
<config xmlns="http://www.knime.org/2008/09/XMLConfig" xmlns:xsi="http://www.w3.org/2001/XMLSchema-instance" xsi:schemaLocation="http://www.knime.org/2008/09/XMLConfig http://www.knime.org/XMLConfig_2008_09.xsd" key="model.xml">
    <entry key="version" type="xint" value="1"/>
    <entry key="class_name" type="xstring" value="org.knime.xgboost.core.model.XGBModelPortObjectSpec"/>
    <config key="model">
        <config key="dataSpec">
            <config key="featureSpec">
                <entry key="spec_name" type="xstring" value="default"/>
                <entry key="number_columns" type="xint" value="27"/>
                <config key="column_spec_0">
                    <entry key="column_name" type="xstring" value="vehicle_type_id"/>
                    <config key="element_names">
                        <entry key="array-size" type="xint" value="0"/>
                    </config>
                    <config key="column_type">
                        <entry key="cell_class" type="xstring" value="org.knime.core.data.def.StringCell"/>
                    </config>
                    <config key="column_domain">
                        <config key="possible_values">
                            <entry key="array-size" type="xint" value="25"/>
                            <config key="0">
                                <entry key="datacell" type="xstring" value="org.knime.core.data.def.StringCell"/>
                                <config key="org.knime.core.data.def.StringCell">
                                    <entry key="StringCell" type="xstring" value="DER:VehicleType:vw_id4_pro_150kw"/>
                                </config>
                            </config>
                            <config key="1">
                                <entry key="datacell" type="xstring" value="org.knime.core.data.def.StringCell"/>
                                <config key="org.knime.core.data.def.StringCell">
                                    <entry key="StringCell" type="xstring" value="DER:VehicleType:vw_id3_pro_107kw"/>
                                </config>
                            </config>
                            <config key="2">
                                <entry key="datacell" type="xstring" value="org.knime.core.data.def.StringCell"/>
                                <config key="org.knime.core.data.def.StringCell">
                                    <entry key="StringCell" type="xstring" value="DER:VehicleType:vw_eup"/>
                                </config>
                            </config>
                            <config key="3">
                                <entry key="datacell" type="xstring" value="org.knime.core.data.def.StringCell"/>
                                <config key="org.knime.core.data.def.StringCell">
                                    <entry key="StringCell" type="xstring" value="DER:VehicleType:vw_id3"/>
                                </config>
                            </config>
                            <config key="4">
                                <entry key="datacell" type="xstring" value="org.knime.core.data.def.StringCell"/>
                                <config key="org.knime.core.data.def.StringCell">
                                    <entry key="StringCell" type="xstring" value="DER:VehicleType:vw_id4"/>
                                </config>
                            </config>
                            <config key="5">
                                <entry key="datacell" type="xstring" value="org.knime.core.data.def.StringCell"/>
                                <config key="org.knime.core.data.def.StringCell">
                                    <entry key="StringCell" type="xstring" value="DER:VehicleType:vw_id3_pro"/>
                                </config>
                            </config>
                            <config key="6">
                                <entry key="datacell" type="xstring" value="org.knime.core.data.def.StringCell"/>
                                <config key="org.knime.core.data.def.StringCell">
                                    <entry key="StringCell" type="xstring" value="DER:VehicleType:seat_cupra_born"/>
                                </config>
                            </config>
                            <config key="7">
                                <entry key="datacell" type="xstring" value="org.knime.core.data.def.StringCell"/>
                                <config key="org.knime.core.data.def.StringCell">
                                    <entry key="StringCell" type="xstring" value="DER:VehicleType:seat_cupra_born_150kw"/>
                                </config>
                            </config>
                            <config key="8">
                                <entry key="datacell" type="xstring" value="org.knime.core.data.def.StringCell"/>
                                <config key="org.knime.core.data.def.StringCell">
                                    <entry key="StringCell" type="xstring" value="DER:VehicleType:vw_egolf"/>
                                </config>
                            </config>
                            <config key="9">
                                <entry key="datacell" type="xstring" value="org.knime.core.data.def.StringCell"/>
                                <config key="org.knime.core.data.def.StringCell">
                                    <entry key="StringCell" type="xstring" value="DER:VehicleType:vw_id3_pro_150kw"/>
                                </config>
                            </config>
                            <config key="10">
                                <entry key="datacell" type="xstring" value="org.knime.core.data.def.StringCell"/>
                                <config key="org.knime.core.data.def.StringCell">
                                    <entry key="StringCell" type="xstring" value="DER:VehicleType:vw_id4_pro_150_kw"/>
                                </config>
                            </config>
                            <config key="11">
                                <entry key="datacell" type="xstring" value="org.knime.core.data.def.StringCell"/>
                                <config key="org.knime.core.data.def.StringCell">
                                    <entry key="StringCell" type="xstring" value="DER:VehicleType:vw_id3_pure_110kw"/>
                                </config>
                            </config>
                            <config key="12">
                                <entry key="datacell" type="xstring" value="org.knime.core.data.def.StringCell"/>
                                <config key="org.knime.core.data.def.StringCell">
                                    <entry key="StringCell" type="xstring" value="DER:VehicleType:vw_id4_pro"/>
                                </config>
                            </config>
                            <config key="13">
                                <entry key="datacell" type="xstring" value="org.knime.core.data.def.StringCell"/>
                                <config key="org.knime.core.data.def.StringCell">
                                    <entry key="StringCell" type="xstring" value="DER:VehicleType:vw_id3_pure_performance"/>
                                </config>
                            </config>
                            <config key="14">
                                <entry key="datacell" type="xstring" value="org.knime.core.data.def.StringCell"/>
                                <config key="org.knime.core.data.def.StringCell">
                                    <entry key="StringCell" type="xstring" value="DER:VehicleType:vw_id3_pro_s"/>
                                </config>
                            </config>
                            <config key="15">
                                <entry key="datacell" type="xstring" value="org.knime.core.data.def.StringCell"/>
                                <config key="org.knime.core.data.def.StringCell">
                                    <entry key="StringCell" type="xstring" value="DER:VehicleType:vw_id3_pro_s_150kw"/>
                                </config>
                            </config>
                            <config key="16">
                                <entry key="datacell" type="xstring" value="org.knime.core.data.def.StringCell"/>
                                <config key="org.knime.core.data.def.StringCell">
                                    <entry key="StringCell" type="xstring" value="DER:VehicleType:mg_mg5_electric_standard_range"/>
                                </config>
                            </config>
                            <config key="17">
                                <entry key="datacell" type="xstring" value="org.knime.core.data.def.StringCell"/>
                                <config key="org.knime.core.data.def.StringCell">
                                    <entry key="StringCell" type="xstring" value="DER:VehicleType:mg_mg5"/>
                                </config>
                            </config>
                            <config key="18">
                                <entry key="datacell" type="xstring" value="org.knime.core.data.def.StringCell"/>
                                <config key="org.knime.core.data.def.StringCell">
                                    <entry key="StringCell" type="xstring" value="DER:VehicleType:renault_megan_etech"/>
                                </config>
                            </config>
                            <config key="19">
                                <entry key="datacell" type="xstring" value="org.knime.core.data.def.StringCell"/>
                                <config key="org.knime.core.data.def.StringCell">
                                    <entry key="StringCell" type="xstring" value="DER:VehicleType:renault_megane_etech_ev40_130hp"/>
                                </config>
                            </config>
                            <config key="20">
                                <entry key="datacell" type="xstring" value="org.knime.core.data.def.StringCell"/>
                                <config key="org.knime.core.data.def.StringCell">
                                    <entry key="StringCell" type="xstring" value="DER:VehicleType:renault_megane_etech_ev60_130hp"/>
                                </config>
                            </config>
                            <config key="21">
                                <entry key="datacell" type="xstring" value="org.knime.core.data.def.StringCell"/>
                                <config key="org.knime.core.data.def.StringCell">
                                    <entry key="StringCell" type="xstring" value="DER:VehicleType:renault_megane_etech"/>
                                </config>
                            </config>
                            <config key="22">
                                <entry key="datacell" type="xstring" value="org.knime.core.data.def.StringCell"/>
                                <config key="org.knime.core.data.def.StringCell">
                                    <entry key="StringCell" type="xstring" value="DER:VehicleType:vw_"/>
                                </config>
                            </config>
                            <config key="23">
                                <entry key="datacell" type="xstring" value="org.knime.core.data.def.StringCell"/>
                                <config key="org.knime.core.data.def.StringCell">
                                    <entry key="StringCell" type="xstring" value="DER:VehicleType:renault_megane_etech_ev60_220hp"/>
                                </config>
                            </config>
                            <config key="24">
                                <entry key="datacell" type="xstring" value="org.knime.core.data.def.StringCell"/>
                                <config key="org.knime.core.data.def.StringCell">
                                    <entry key="StringCell" type="xstring" value="DER:VehicleType:mg_mg5_electric_long_range"/>
                                </config>
                            </config>
                        </config>
                    </config>
                    <config key="column_properties"/>
                    <config key="meta_data"/>
                </config>
                <config key="column_spec_1">
                    <entry key="column_name" type="xstring" value="y(-1)"/>
                    <config key="element_names">
                        <entry key="array-size" type="xint" value="0"/>
                    </config>
                    <config key="column_type">
                        <entry key="cell_class" type="xstring" value="org.knime.core.data.def.IntCell"/>
                    </config>
                    <config key="column_domain">
                        <config key="lower_bound">
                            <entry key="datacell" type="xstring" value="org.knime.core.data.def.IntCell"/>
                            <config key="org.knime.core.data.def.IntCell">
                                <entry key="IntCell" type="xint" value="0"/>
                            </config>
                        </config>
                        <config key="upper_bound">
                            <entry key="datacell" type="xstring" value="org.knime.core.data.def.IntCell"/>
                            <config key="org.knime.core.data.def.IntCell">
                                <entry key="IntCell" type="xint" value="9"/>
                            </config>
                        </config>
                    </config>
                    <config key="column_properties"/>
                    <config key="meta_data"/>
                </config>
                <config key="column_spec_2">
                    <entry key="column_name" type="xstring" value="y(-2)"/>
                    <config key="element_names">
                        <entry key="array-size" type="xint" value="0"/>
                    </config>
                    <config key="column_type">
                        <entry key="cell_class" type="xstring" value="org.knime.core.data.def.IntCell"/>
                    </config>
                    <config key="column_domain">
                        <config key="lower_bound">
                            <entry key="datacell" type="xstring" value="org.knime.core.data.def.IntCell"/>
                            <config key="org.knime.core.data.def.IntCell">
                                <entry key="IntCell" type="xint" value="0"/>
                            </config>
                        </config>
                        <config key="upper_bound">
                            <entry key="datacell" type="xstring" value="org.knime.core.data.def.IntCell"/>
                            <config key="org.knime.core.data.def.IntCell">
                                <entry key="IntCell" type="xint" value="9"/>
                            </config>
                        </config>
                    </config>
                    <config key="column_properties"/>
                    <config key="meta_data"/>
                </config>
                <config key="column_spec_3">
                    <entry key="column_name" type="xstring" value="y(-3)"/>
                    <config key="element_names">
                        <entry key="array-size" type="xint" value="0"/>
                    </config>
                    <config key="column_type">
                        <entry key="cell_class" type="xstring" value="org.knime.core.data.def.IntCell"/>
                    </config>
                    <config key="column_domain">
                        <config key="lower_bound">
                            <entry key="datacell" type="xstring" value="org.knime.core.data.def.IntCell"/>
                            <config key="org.knime.core.data.def.IntCell">
                                <entry key="IntCell" type="xint" value="0"/>
                            </config>
                        </config>
                        <config key="upper_bound">
                            <entry key="datacell" type="xstring" value="org.knime.core.data.def.IntCell"/>
                            <config key="org.knime.core.data.def.IntCell">
                                <entry key="IntCell" type="xint" value="9"/>
                            </config>
                        </config>
                    </config>
                    <config key="column_properties"/>
                    <config key="meta_data"/>
                </config>
                <config key="column_spec_4">
                    <entry key="column_name" type="xstring" value="y(-4)"/>
                    <config key="element_names">
                        <entry key="array-size" type="xint" value="0"/>
                    </config>
                    <config key="column_type">
                        <entry key="cell_class" type="xstring" value="org.knime.core.data.def.IntCell"/>
                    </config>
                    <config key="column_domain">
                        <config key="lower_bound">
                            <entry key="datacell" type="xstring" value="org.knime.core.data.def.IntCell"/>
                            <config key="org.knime.core.data.def.IntCell">
                                <entry key="IntCell" type="xint" value="0"/>
                            </config>
                        </config>
                        <config key="upper_bound">
                            <entry key="datacell" type="xstring" value="org.knime.core.data.def.IntCell"/>
                            <config key="org.knime.core.data.def.IntCell">
                                <entry key="IntCell" type="xint" value="9"/>
                            </config>
                        </config>
                    </config>
                    <config key="column_properties"/>
                    <config key="meta_data"/>
                </config>
                <config key="column_spec_5">
                    <entry key="column_name" type="xstring" value="y(-5)"/>
                    <config key="element_names">
                        <entry key="array-size" type="xint" value="0"/>
                    </config>
                    <config key="column_type">
                        <entry key="cell_class" type="xstring" value="org.knime.core.data.def.IntCell"/>
                    </config>
                    <config key="column_domain">
                        <config key="lower_bound">
                            <entry key="datacell" type="xstring" value="org.knime.core.data.def.IntCell"/>
                            <config key="org.knime.core.data.def.IntCell">
                                <entry key="IntCell" type="xint" value="0"/>
                            </config>
                        </config>
                        <config key="upper_bound">
                            <entry key="datacell" type="xstring" value="org.knime.core.data.def.IntCell"/>
                            <config key="org.knime.core.data.def.IntCell">
                                <entry key="IntCell" type="xint" value="9"/>
                            </config>
                        </config>
                    </config>
                    <config key="column_properties"/>
                    <config key="meta_data"/>
                </config>
                <config key="column_spec_6">
                    <entry key="column_name" type="xstring" value="y(-6)"/>
                    <config key="element_names">
                        <entry key="array-size" type="xint" value="0"/>
                    </config>
                    <config key="column_type">
                        <entry key="cell_class" type="xstring" value="org.knime.core.data.def.IntCell"/>
                    </config>
                    <config key="column_domain">
                        <config key="lower_bound">
                            <entry key="datacell" type="xstring" value="org.knime.core.data.def.IntCell"/>
                            <config key="org.knime.core.data.def.IntCell">
                                <entry key="IntCell" type="xint" value="0"/>
                            </config>
                        </config>
                        <config key="upper_bound">
                            <entry key="datacell" type="xstring" value="org.knime.core.data.def.IntCell"/>
                            <config key="org.knime.core.data.def.IntCell">
                                <entry key="IntCell" type="xint" value="9"/>
                            </config>
                        </config>
                    </config>
                    <config key="column_properties"/>
                    <config key="meta_data"/>
                </config>
                <config key="column_spec_7">
                    <entry key="column_name" type="xstring" value="y(-7)"/>
                    <config key="element_names">
                        <entry key="array-size" type="xint" value="0"/>
                    </config>
                    <config key="column_type">
                        <entry key="cell_class" type="xstring" value="org.knime.core.data.def.IntCell"/>
                    </config>
                    <config key="column_domain">
                        <config key="lower_bound">
                            <entry key="datacell" type="xstring" value="org.knime.core.data.def.IntCell"/>
                            <config key="org.knime.core.data.def.IntCell">
                                <entry key="IntCell" type="xint" value="0"/>
                            </config>
                        </config>
                        <config key="upper_bound">
                            <entry key="datacell" type="xstring" value="org.knime.core.data.def.IntCell"/>
                            <config key="org.knime.core.data.def.IntCell">
                                <entry key="IntCell" type="xint" value="9"/>
                            </config>
                        </config>
                    </config>
                    <config key="column_properties"/>
                    <config key="meta_data"/>
                </config>
                <config key="column_spec_8">
                    <entry key="column_name" type="xstring" value="y(-8)"/>
                    <config key="element_names">
                        <entry key="array-size" type="xint" value="0"/>
                    </config>
                    <config key="column_type">
                        <entry key="cell_class" type="xstring" value="org.knime.core.data.def.IntCell"/>
                    </config>
                    <config key="column_domain">
                        <config key="lower_bound">
                            <entry key="datacell" type="xstring" value="org.knime.core.data.def.IntCell"/>
                            <config key="org.knime.core.data.def.IntCell">
                                <entry key="IntCell" type="xint" value="0"/>
                            </config>
                        </config>
                        <config key="upper_bound">
                            <entry key="datacell" type="xstring" value="org.knime.core.data.def.IntCell"/>
                            <config key="org.knime.core.data.def.IntCell">
                                <entry key="IntCell" type="xint" value="9"/>
                            </config>
                        </config>
                    </config>
                    <config key="column_properties"/>
                    <config key="meta_data"/>
                </config>
                <config key="column_spec_9">
                    <entry key="column_name" type="xstring" value="y(-9)"/>
                    <config key="element_names">
                        <entry key="array-size" type="xint" value="0"/>
                    </config>
                    <config key="column_type">
                        <entry key="cell_class" type="xstring" value="org.knime.core.data.def.IntCell"/>
                    </config>
                    <config key="column_domain">
                        <config key="lower_bound">
                            <entry key="datacell" type="xstring" value="org.knime.core.data.def.IntCell"/>
                            <config key="org.knime.core.data.def.IntCell">
                                <entry key="IntCell" type="xint" value="0"/>
                            </config>
                        </config>
                        <config key="upper_bound">
                            <entry key="datacell" type="xstring" value="org.knime.core.data.def.IntCell"/>
                            <config key="org.knime.core.data.def.IntCell">
                                <entry key="IntCell" type="xint" value="9"/>
                            </config>
                        </config>
                    </config>
                    <config key="column_properties"/>
                    <config key="meta_data"/>
                </config>
                <config key="column_spec_10">
                    <entry key="column_name" type="xstring" value="y(-10)"/>
                    <config key="element_names">
                        <entry key="array-size" type="xint" value="0"/>
                    </config>
                    <config key="column_type">
                        <entry key="cell_class" type="xstring" value="org.knime.core.data.def.IntCell"/>
                    </config>
                    <config key="column_domain">
                        <config key="lower_bound">
                            <entry key="datacell" type="xstring" value="org.knime.core.data.def.IntCell"/>
                            <config key="org.knime.core.data.def.IntCell">
                                <entry key="IntCell" type="xint" value="0"/>
                            </config>
                        </config>
                        <config key="upper_bound">
                            <entry key="datacell" type="xstring" value="org.knime.core.data.def.IntCell"/>
                            <config key="org.knime.core.data.def.IntCell">
                                <entry key="IntCell" type="xint" value="9"/>
                            </config>
                        </config>
                    </config>
                    <config key="column_properties"/>
                    <config key="meta_data"/>
                </config>
                <config key="column_spec_11">
                    <entry key="column_name" type="xstring" value="y(-11)"/>
                    <config key="element_names">
                        <entry key="array-size" type="xint" value="0"/>
                    </config>
                    <config key="column_type">
                        <entry key="cell_class" type="xstring" value="org.knime.core.data.def.IntCell"/>
                    </config>
                    <config key="column_domain">
                        <config key="lower_bound">
                            <entry key="datacell" type="xstring" value="org.knime.core.data.def.IntCell"/>
                            <config key="org.knime.core.data.def.IntCell">
                                <entry key="IntCell" type="xint" value="0"/>
                            </config>
                        </config>
                        <config key="upper_bound">
                            <entry key="datacell" type="xstring" value="org.knime.core.data.def.IntCell"/>
                            <config key="org.knime.core.data.def.IntCell">
                                <entry key="IntCell" type="xint" value="9"/>
                            </config>
                        </config>
                    </config>
                    <config key="column_properties"/>
                    <config key="meta_data"/>
                </config>
                <config key="column_spec_12">
                    <entry key="column_name" type="xstring" value="y(-12)"/>
                    <config key="element_names">
                        <entry key="array-size" type="xint" value="0"/>
                    </config>
                    <config key="column_type">
                        <entry key="cell_class" type="xstring" value="org.knime.core.data.def.IntCell"/>
                    </config>
                    <config key="column_domain">
                        <config key="lower_bound">
                            <entry key="datacell" type="xstring" value="org.knime.core.data.def.IntCell"/>
                            <config key="org.knime.core.data.def.IntCell">
                                <entry key="IntCell" type="xint" value="0"/>
                            </config>
                        </config>
                        <config key="upper_bound">
                            <entry key="datacell" type="xstring" value="org.knime.core.data.def.IntCell"/>
                            <config key="org.knime.core.data.def.IntCell">
                                <entry key="IntCell" type="xint" value="9"/>
                            </config>
                        </config>
                    </config>
                    <config key="column_properties"/>
                    <config key="meta_data"/>
                </config>
                <config key="column_spec_13">
                    <entry key="column_name" type="xstring" value="y(-13)"/>
                    <config key="element_names">
                        <entry key="array-size" type="xint" value="0"/>
                    </config>
                    <config key="column_type">
                        <entry key="cell_class" type="xstring" value="org.knime.core.data.def.IntCell"/>
                    </config>
                    <config key="column_domain">
                        <config key="lower_bound">
                            <entry key="datacell" type="xstring" value="org.knime.core.data.def.IntCell"/>
                            <config key="org.knime.core.data.def.IntCell">
                                <entry key="IntCell" type="xint" value="0"/>
                            </config>
                        </config>
                        <config key="upper_bound">
                            <entry key="datacell" type="xstring" value="org.knime.core.data.def.IntCell"/>
                            <config key="org.knime.core.data.def.IntCell">
                                <entry key="IntCell" type="xint" value="9"/>
                            </config>
                        </config>
                    </config>
                    <config key="column_properties"/>
                    <config key="meta_data"/>
                </config>
                <config key="column_spec_14">
                    <entry key="column_name" type="xstring" value="y(-14)"/>
                    <config key="element_names">
                        <entry key="array-size" type="xint" value="0"/>
                    </config>
                    <config key="column_type">
                        <entry key="cell_class" type="xstring" value="org.knime.core.data.def.IntCell"/>
                    </config>
                    <config key="column_domain">
                        <config key="lower_bound">
                            <entry key="datacell" type="xstring" value="org.knime.core.data.def.IntCell"/>
                            <config key="org.knime.core.data.def.IntCell">
                                <entry key="IntCell" type="xint" value="0"/>
                            </config>
                        </config>
                        <config key="upper_bound">
                            <entry key="datacell" type="xstring" value="org.knime.core.data.def.IntCell"/>
                            <config key="org.knime.core.data.def.IntCell">
                                <entry key="IntCell" type="xint" value="9"/>
                            </config>
                        </config>
                    </config>
                    <config key="column_properties"/>
                    <config key="meta_data"/>
                </config>
                <config key="column_spec_15">
                    <entry key="column_name" type="xstring" value="y(-15)"/>
                    <config key="element_names">
                        <entry key="array-size" type="xint" value="0"/>
                    </config>
                    <config key="column_type">
                        <entry key="cell_class" type="xstring" value="org.knime.core.data.def.IntCell"/>
                    </config>
                    <config key="column_domain">
                        <config key="lower_bound">
                            <entry key="datacell" type="xstring" value="org.knime.core.data.def.IntCell"/>
                            <config key="org.knime.core.data.def.IntCell">
                                <entry key="IntCell" type="xint" value="0"/>
                            </config>
                        </config>
                        <config key="upper_bound">
                            <entry key="datacell" type="xstring" value="org.knime.core.data.def.IntCell"/>
                            <config key="org.knime.core.data.def.IntCell">
                                <entry key="IntCell" type="xint" value="9"/>
                            </config>
                        </config>
                    </config>
                    <config key="column_properties"/>
                    <config key="meta_data"/>
                </config>
                <config key="column_spec_16">
                    <entry key="column_name" type="xstring" value="y(-16)"/>
                    <config key="element_names">
                        <entry key="array-size" type="xint" value="0"/>
                    </config>
                    <config key="column_type">
                        <entry key="cell_class" type="xstring" value="org.knime.core.data.def.IntCell"/>
                    </config>
                    <config key="column_domain">
                        <config key="lower_bound">
                            <entry key="datacell" type="xstring" value="org.knime.core.data.def.IntCell"/>
                            <config key="org.knime.core.data.def.IntCell">
                                <entry key="IntCell" type="xint" value="0"/>
                            </config>
                        </config>
                        <config key="upper_bound">
                            <entry key="datacell" type="xstring" value="org.knime.core.data.def.IntCell"/>
                            <config key="org.knime.core.data.def.IntCell">
                                <entry key="IntCell" type="xint" value="9"/>
                            </config>
                        </config>
                    </config>
                    <config key="column_properties"/>
                    <config key="meta_data"/>
                </config>
                <config key="column_spec_17">
                    <entry key="column_name" type="xstring" value="y(-17)"/>
                    <config key="element_names">
                        <entry key="array-size" type="xint" value="0"/>
                    </config>
                    <config key="column_type">
                        <entry key="cell_class" type="xstring" value="org.knime.core.data.def.IntCell"/>
                    </config>
                    <config key="column_domain">
                        <config key="lower_bound">
                            <entry key="datacell" type="xstring" value="org.knime.core.data.def.IntCell"/>
                            <config key="org.knime.core.data.def.IntCell">
                                <entry key="IntCell" type="xint" value="0"/>
                            </config>
                        </config>
                        <config key="upper_bound">
                            <entry key="datacell" type="xstring" value="org.knime.core.data.def.IntCell"/>
                            <config key="org.knime.core.data.def.IntCell">
                                <entry key="IntCell" type="xint" value="9"/>
                            </config>
                        </config>
                    </config>
                    <config key="column_properties"/>
                    <config key="meta_data"/>
                </config>
                <config key="column_spec_18">
                    <entry key="column_name" type="xstring" value="y(-18)"/>
                    <config key="element_names">
                        <entry key="array-size" type="xint" value="0"/>
                    </config>
                    <config key="column_type">
                        <entry key="cell_class" type="xstring" value="org.knime.core.data.def.IntCell"/>
                    </config>
                    <config key="column_domain">
                        <config key="lower_bound">
                            <entry key="datacell" type="xstring" value="org.knime.core.data.def.IntCell"/>
                            <config key="org.knime.core.data.def.IntCell">
                                <entry key="IntCell" type="xint" value="0"/>
                            </config>
                        </config>
                        <config key="upper_bound">
                            <entry key="datacell" type="xstring" value="org.knime.core.data.def.IntCell"/>
                            <config key="org.knime.core.data.def.IntCell">
                                <entry key="IntCell" type="xint" value="9"/>
                            </config>
                        </config>
                    </config>
                    <config key="column_properties"/>
                    <config key="meta_data"/>
                </config>
                <config key="column_spec_19">
                    <entry key="column_name" type="xstring" value="y(-19)"/>
                    <config key="element_names">
                        <entry key="array-size" type="xint" value="0"/>
                    </config>
                    <config key="column_type">
                        <entry key="cell_class" type="xstring" value="org.knime.core.data.def.IntCell"/>
                    </config>
                    <config key="column_domain">
                        <config key="lower_bound">
                            <entry key="datacell" type="xstring" value="org.knime.core.data.def.IntCell"/>
                            <config key="org.knime.core.data.def.IntCell">
                                <entry key="IntCell" type="xint" value="0"/>
                            </config>
                        </config>
                        <config key="upper_bound">
                            <entry key="datacell" type="xstring" value="org.knime.core.data.def.IntCell"/>
                            <config key="org.knime.core.data.def.IntCell">
                                <entry key="IntCell" type="xint" value="9"/>
                            </config>
                        </config>
                    </config>
                    <config key="column_properties"/>
                    <config key="meta_data"/>
                </config>
                <config key="column_spec_20">
                    <entry key="column_name" type="xstring" value="y(-20)"/>
                    <config key="element_names">
                        <entry key="array-size" type="xint" value="0"/>
                    </config>
                    <config key="column_type">
                        <entry key="cell_class" type="xstring" value="org.knime.core.data.def.IntCell"/>
                    </config>
                    <config key="column_domain">
                        <config key="lower_bound">
                            <entry key="datacell" type="xstring" value="org.knime.core.data.def.IntCell"/>
                            <config key="org.knime.core.data.def.IntCell">
                                <entry key="IntCell" type="xint" value="0"/>
                            </config>
                        </config>
                        <config key="upper_bound">
                            <entry key="datacell" type="xstring" value="org.knime.core.data.def.IntCell"/>
                            <config key="org.knime.core.data.def.IntCell">
                                <entry key="IntCell" type="xint" value="9"/>
                            </config>
                        </config>
                    </config>
                    <config key="column_properties"/>
                    <config key="meta_data"/>
                </config>
                <config key="column_spec_21">
                    <entry key="column_name" type="xstring" value="y(-21)"/>
                    <config key="element_names">
                        <entry key="array-size" type="xint" value="0"/>
                    </config>
                    <config key="column_type">
                        <entry key="cell_class" type="xstring" value="org.knime.core.data.def.IntCell"/>
                    </config>
                    <config key="column_domain">
                        <config key="lower_bound">
                            <entry key="datacell" type="xstring" value="org.knime.core.data.def.IntCell"/>
                            <config key="org.knime.core.data.def.IntCell">
                                <entry key="IntCell" type="xint" value="0"/>
                            </config>
                        </config>
                        <config key="upper_bound">
                            <entry key="datacell" type="xstring" value="org.knime.core.data.def.IntCell"/>
                            <config key="org.knime.core.data.def.IntCell">
                                <entry key="IntCell" type="xint" value="9"/>
                            </config>
                        </config>
                    </config>
                    <config key="column_properties"/>
                    <config key="meta_data"/>
                </config>
                <config key="column_spec_22">
                    <entry key="column_name" type="xstring" value="y(-22)"/>
                    <config key="element_names">
                        <entry key="array-size" type="xint" value="0"/>
                    </config>
                    <config key="column_type">
                        <entry key="cell_class" type="xstring" value="org.knime.core.data.def.IntCell"/>
                    </config>
                    <config key="column_domain">
                        <config key="lower_bound">
                            <entry key="datacell" type="xstring" value="org.knime.core.data.def.IntCell"/>
                            <config key="org.knime.core.data.def.IntCell">
                                <entry key="IntCell" type="xint" value="0"/>
                            </config>
                        </config>
                        <config key="upper_bound">
                            <entry key="datacell" type="xstring" value="org.knime.core.data.def.IntCell"/>
                            <config key="org.knime.core.data.def.IntCell">
                                <entry key="IntCell" type="xint" value="9"/>
                            </config>
                        </config>
                    </config>
                    <config key="column_properties"/>
                    <config key="meta_data"/>
                </config>
                <config key="column_spec_23">
                    <entry key="column_name" type="xstring" value="y(-23)"/>
                    <config key="element_names">
                        <entry key="array-size" type="xint" value="0"/>
                    </config>
                    <config key="column_type">
                        <entry key="cell_class" type="xstring" value="org.knime.core.data.def.IntCell"/>
                    </config>
                    <config key="column_domain">
                        <config key="lower_bound">
                            <entry key="datacell" type="xstring" value="org.knime.core.data.def.IntCell"/>
                            <config key="org.knime.core.data.def.IntCell">
                                <entry key="IntCell" type="xint" value="0"/>
                            </config>
                        </config>
                        <config key="upper_bound">
                            <entry key="datacell" type="xstring" value="org.knime.core.data.def.IntCell"/>
                            <config key="org.knime.core.data.def.IntCell">
                                <entry key="IntCell" type="xint" value="9"/>
                            </config>
                        </config>
                    </config>
                    <config key="column_properties"/>
                    <config key="meta_data"/>
                </config>
                <config key="column_spec_24">
                    <entry key="column_name" type="xstring" value="y(-24)"/>
                    <config key="element_names">
                        <entry key="array-size" type="xint" value="0"/>
                    </config>
                    <config key="column_type">
                        <entry key="cell_class" type="xstring" value="org.knime.core.data.def.IntCell"/>
                    </config>
                    <config key="column_domain">
                        <config key="lower_bound">
                            <entry key="datacell" type="xstring" value="org.knime.core.data.def.IntCell"/>
                            <config key="org.knime.core.data.def.IntCell">
                                <entry key="IntCell" type="xint" value="0"/>
                            </config>
                        </config>
                        <config key="upper_bound">
                            <entry key="datacell" type="xstring" value="org.knime.core.data.def.IntCell"/>
                            <config key="org.knime.core.data.def.IntCell">
                                <entry key="IntCell" type="xint" value="9"/>
                            </config>
                        </config>
                    </config>
                    <config key="column_properties"/>
                    <config key="meta_data"/>
                </config>
                <config key="column_spec_25">
                    <entry key="column_name" type="xstring" value="y(-168)"/>
                    <config key="element_names">
                        <entry key="array-size" type="xint" value="0"/>
                    </config>
                    <config key="column_type">
                        <entry key="cell_class" type="xstring" value="org.knime.core.data.def.IntCell"/>
                    </config>
                    <config key="column_domain">
                        <config key="lower_bound">
                            <entry key="datacell" type="xstring" value="org.knime.core.data.def.IntCell"/>
                            <config key="org.knime.core.data.def.IntCell">
                                <entry key="IntCell" type="xint" value="0"/>
                            </config>
                        </config>
                        <config key="upper_bound">
                            <entry key="datacell" type="xstring" value="org.knime.core.data.def.IntCell"/>
                            <config key="org.knime.core.data.def.IntCell">
                                <entry key="IntCell" type="xint" value="9"/>
                            </config>
                        </config>
                    </config>
                    <config key="column_properties"/>
                    <config key="meta_data"/>
                </config>
                <config key="column_spec_26">
                    <entry key="column_name" type="xstring" value="Iteration"/>
                    <config key="element_names">
                        <entry key="array-size" type="xint" value="0"/>
                    </config>
                    <config key="column_type">
                        <entry key="cell_class" type="xstring" value="org.knime.core.data.def.IntCell"/>
                    </config>
                    <config key="column_domain">
                        <config key="lower_bound">
                            <entry key="datacell" type="xstring" value="org.knime.core.data.def.IntCell"/>
                            <config key="org.knime.core.data.def.IntCell">
                                <entry key="IntCell" type="xint" value="0"/>
                            </config>
                        </config>
                        <config key="upper_bound">
                            <entry key="datacell" type="xstring" value="org.knime.core.data.def.IntCell"/>
                            <config key="org.knime.core.data.def.IntCell">
                                <entry key="IntCell" type="xint" value="2121"/>
                            </config>
                        </config>
                    </config>
                    <config key="column_properties"/>
                    <config key="meta_data"/>
                </config>
            </config>
            <config key="featureConverters">
                <entry key="featureConvertersCount" type="xint" value="27"/>
                <config key="0">
                    <entry key="converterSpecType" type="xstring" value="string"/>
                    <config key="values">
                        <entry key="array-size" type="xint" value="25"/>
                        <entry key="0" type="xstring" value="DER:VehicleType:vw_id4_pro_150kw"/>
                        <entry key="1" type="xstring" value="DER:VehicleType:vw_id3_pro_107kw"/>
                        <entry key="2" type="xstring" value="DER:VehicleType:vw_eup"/>
                        <entry key="3" type="xstring" value="DER:VehicleType:vw_id3"/>
                        <entry key="4" type="xstring" value="DER:VehicleType:vw_id4"/>
                        <entry key="5" type="xstring" value="DER:VehicleType:vw_id3_pro"/>
                        <entry key="6" type="xstring" value="DER:VehicleType:seat_cupra_born"/>
                        <entry key="7" type="xstring" value="DER:VehicleType:seat_cupra_born_150kw"/>
                        <entry key="8" type="xstring" value="DER:VehicleType:vw_egolf"/>
                        <entry key="9" type="xstring" value="DER:VehicleType:vw_id3_pro_150kw"/>
                        <entry key="10" type="xstring" value="DER:VehicleType:vw_id4_pro_150_kw"/>
                        <entry key="11" type="xstring" value="DER:VehicleType:vw_id3_pure_110kw"/>
                        <entry key="12" type="xstring" value="DER:VehicleType:vw_id4_pro"/>
                        <entry key="13" type="xstring" value="DER:VehicleType:vw_id3_pure_performance"/>
                        <entry key="14" type="xstring" value="DER:VehicleType:vw_id3_pro_s"/>
                        <entry key="15" type="xstring" value="DER:VehicleType:vw_id3_pro_s_150kw"/>
                        <entry key="16" type="xstring" value="DER:VehicleType:mg_mg5_electric_standard_range"/>
                        <entry key="17" type="xstring" value="DER:VehicleType:mg_mg5"/>
                        <entry key="18" type="xstring" value="DER:VehicleType:renault_megan_etech"/>
                        <entry key="19" type="xstring" value="DER:VehicleType:renault_megane_etech_ev40_130hp"/>
                        <entry key="20" type="xstring" value="DER:VehicleType:renault_megane_etech_ev60_130hp"/>
                        <entry key="21" type="xstring" value="DER:VehicleType:renault_megane_etech"/>
                        <entry key="22" type="xstring" value="DER:VehicleType:vw_"/>
                        <entry key="23" type="xstring" value="DER:VehicleType:renault_megane_etech_ev60_220hp"/>
                        <entry key="24" type="xstring" value="DER:VehicleType:mg_mg5_electric_long_range"/>
                    </config>
                </config>
                <config key="1">
                    <entry key="converterSpecType" type="xstring" value="numerical"/>
                </config>
                <config key="2">
                    <entry key="converterSpecType" type="xstring" value="numerical"/>
                </config>
                <config key="3">
                    <entry key="converterSpecType" type="xstring" value="numerical"/>
                </config>
                <config key="4">
                    <entry key="converterSpecType" type="xstring" value="numerical"/>
                </config>
                <config key="5">
                    <entry key="converterSpecType" type="xstring" value="numerical"/>
                </config>
                <config key="6">
                    <entry key="converterSpecType" type="xstring" value="numerical"/>
                </config>
                <config key="7">
                    <entry key="converterSpecType" type="xstring" value="numerical"/>
                </config>
                <config key="8">
                    <entry key="converterSpecType" type="xstring" value="numerical"/>
                </config>
                <config key="9">
                    <entry key="converterSpecType" type="xstring" value="numerical"/>
                </config>
                <config key="10">
                    <entry key="converterSpecType" type="xstring" value="numerical"/>
                </config>
                <config key="11">
                    <entry key="converterSpecType" type="xstring" value="numerical"/>
                </config>
                <config key="12">
                    <entry key="converterSpecType" type="xstring" value="numerical"/>
                </config>
                <config key="13">
                    <entry key="converterSpecType" type="xstring" value="numerical"/>
                </config>
                <config key="14">
                    <entry key="converterSpecType" type="xstring" value="numerical"/>
                </config>
                <config key="15">
                    <entry key="converterSpecType" type="xstring" value="numerical"/>
                </config>
                <config key="16">
                    <entry key="converterSpecType" type="xstring" value="numerical"/>
                </config>
                <config key="17">
                    <entry key="converterSpecType" type="xstring" value="numerical"/>
                </config>
                <config key="18">
                    <entry key="converterSpecType" type="xstring" value="numerical"/>
                </config>
                <config key="19">
                    <entry key="converterSpecType" type="xstring" value="numerical"/>
                </config>
                <config key="20">
                    <entry key="converterSpecType" type="xstring" value="numerical"/>
                </config>
                <config key="21">
                    <entry key="converterSpecType" type="xstring" value="numerical"/>
                </config>
                <config key="22">
                    <entry key="converterSpecType" type="xstring" value="numerical"/>
                </config>
                <config key="23">
                    <entry key="converterSpecType" type="xstring" value="numerical"/>
                </config>
                <config key="24">
                    <entry key="converterSpecType" type="xstring" value="numerical"/>
                </config>
                <config key="25">
                    <entry key="converterSpecType" type="xstring" value="numerical"/>
                </config>
                <config key="26">
                    <entry key="converterSpecType" type="xstring" value="numerical"/>
                </config>
            </config>
            <config key="targetSpec">
                <entry key="column_name" type="xstring" value="y"/>
                <config key="element_names">
                    <entry key="array-size" type="xint" value="0"/>
                </config>
                <config key="column_type">
                    <entry key="cell_class" type="xstring" value="org.knime.core.data.def.IntCell"/>
                </config>
                <config key="column_domain">
                    <config key="lower_bound">
                        <entry key="datacell" type="xstring" value="org.knime.core.data.def.IntCell"/>
                        <config key="org.knime.core.data.def.IntCell">
                            <entry key="IntCell" type="xint" value="0"/>
                        </config>
                    </config>
                    <config key="upper_bound">
                        <entry key="datacell" type="xstring" value="org.knime.core.data.def.IntCell"/>
                        <config key="org.knime.core.data.def.IntCell">
                            <entry key="IntCell" type="xint" value="9"/>
                        </config>
                    </config>
                </config>
                <config key="column_properties"/>
                <config key="meta_data"/>
            </config>
            <config key="targetConverter">
                <entry key="converterSpecType" type="xstring" value="numerical"/>
            </config>
        </config>
        <config key="objective">
            <entry key="identifier" type="xstring" value="reg:squarederror"/>
        </config>
        <config key="params">
            <entry key="colsample_bytree" type="xdouble" value="1.0"/>
            <entry key="silent" type="xint" value="1"/>
            <entry key="tree_method" type="xstring" value="auto"/>
            <entry key="scale_pos_weight" type="xdouble" value="1.0"/>
            <entry key="base_score" type="xdouble" value="0.5"/>
            <entry key="seed" type="xlong" value="517954183"/>
            <entry key="max_depth" type="xint" value="6"/>
            <entry key="colsample_bynode" type="xdouble" value="1.0"/>
            <entry key="objective" type="xstring" value="reg:squarederror"/>
            <entry key="lambda" type="xdouble" value="1.0"/>
            <entry key="eta" type="xdouble" value="0.3"/>
            <entry key="grow_policy" type="xstring" value="depthwise"/>
            <entry key="nthread" type="xint" value="10"/>
            <entry key="alpha" type="xdouble" value="1.0"/>
            <entry key="subsample" type="xdouble" value="1.0"/>
            <entry key="colsample_bylevel" type="xdouble" value="1.0"/>
            <entry key="gamma" type="xdouble" value="0.0"/>
            <entry key="min_child_weight" type="xdouble" value="1.0"/>
            <entry key="max_delta_step" type="xdouble" value="0.0"/>
        </config>
    </config>
</config>
